[
  {
    "type": "_",
    "ch": 4,
    "page": 1,
    "pages": 1,
    "topick": 2,
    "X": 0.4,
    "Y": 0.4,
    "mp3": "electric_strut-rick_dickert.mp3",
    "last": false,
    "msg": "#FlutterCreate Find Aik Game https://github.com/kroppli/find_aik, my time: "
  },
  {
    "type": "pl",
    "icon": 59672,
    "iconsize": 16.0,
    "iconcolor": 3707764736,
    "r": 18.0,
    "r0": 18.0,
    "x": 0.5,
    "y": 0.5,
    "angle": 4.7,
    "angle+": 0.0,
    "rx": 0.0,
    "rx+": 0.0,
    "ry": 0.0,
    "ry+": 0.0,
    "offset1": 0.0,
    "offset2": 0.0,
    "grad1s": 0.0,
    "grad1c": 0,
    "grad2s": 0.0,
    "grad2c": 0,
    "sh+": 0,
    "sh": [
      {
        "c": 4280391411,
        "b": 3.0,
        "s": 1.0,
        "o1": 0.0,
        "o2": 0.0
      },
      {
        "c": 4279019257,
        "b": 10.0,
        "s": 1.5,
        "o1": 0.0,
        "o2": 0.0
      }
    ],
    "sh0": [
      {
        "c": 4280391411,
        "b": 3.0,
        "s": 1.0,
        "o1": 0.0,
        "o2": 0.0
      },
      {
        "c": 4279019257,
        "b": 10.0,
        "s": 1.5,
        "o1": 0.0,
        "o2": 0.0
      }
    ]
  },
  {
    "type": "badpl",
    "icon": 59496,
    "iconsize": 16.0,
    "iconcolor": 3707764736,
    "s": 0.02,
    "r": 18.0,
    "r0": 18.0,
    "x": 0.2,
    "y": 0.8,
    "angle": 4.7,
    "angle+": 0.0,
    "rx": 0.0,
    "rx+": 0.0,
    "ry": 0.0,
    "ry+": 0.0,
    "offset1": 0.0,
    "offset2": 0.0,
    "grad1s": 0.0,
    "grad1c": 0,
    "grad2s": 0.0,
    "grad2c": 0,
    "sh+": 0,
    "sh": [
      {
        "c": 4293022327,
        "b": 1.5,
        "s": 0.5,
        "o1": 0.0,
        "o2": 0.0
      },
      {
        "c": 4279019257,
        "b": 5.0,
        "s": 0.5,
        "o1": 0.0,
        "o2": 0.0
      }
    ]
  },
  {
    "type": "pla",
    "icon": 0,
    "iconsize": 0.0,
    "iconcolor": 0,
    "r": 35.0,
    "x": 0.2,
    "y": 0.2,
    "angle": 0.0,
    "angle+": 0.0,
    "rx": 0.0,
    "rx+": 0.0,
    "ry": 0.0,
    "ry+": 0.0,
    "offset1": 0.0,
    "offset2": 0.0,
    "grad1s": 0.1,
    "grad1c": 4281972042,
    "grad2s": 0.9,
    "grad2c": 4278216759,
    "sh+": 0,
    "sh": [
      {
        "c": 4281972042,
        "b": 10.0,
        "s": 5.0,
        "o1": 0.0,
        "o2": 0.0
      },
      {
        "c": 4278216759,
        "b": 30.0,
        "s": 5.0,
        "o1": 0.0,
        "o2": 0.0
      },
      {
        "c": 4278216759,
        "b": 40.0,
        "s": 10.0,
        "o1": 0.0,
        "o2": 0.0
      }
    ]
  },
  {
    "type": ".",
    "icon": 0,
    "iconsize": 0.0,
    "iconcolor": 0,
    "r": 10.0,
    "x": 0.19,
    "y": 0.19,
    "angle": 0.0,
    "angle+": 0.04,
    "rx": 0.0,
    "rx+": 0.0,
    "ry": 0.0,
    "ry+": 0.0,
    "offset1": 25.0,
    "offset2": 25.0,
    "grad1s": 0.0,
    "grad1c": 4287605136,
    "grad2s": 0.9,
    "grad2c": 4280962859,
    "sh+": 0,
    "sh": [
      {
        "c": 4283281744,
        "b": 2.0,
        "s": 2.0,
        "o1": 0.0,
        "o2": 0.0
      }
    ]
  },
  {
    "type": "ast1",
    "picked": false,
    "icon": 59101,
    "iconsize": 22.0,
    "iconcolor": 4283215696,
    "r": 20.0,
    "x": 0.3,
    "y": 0.8,
    "angle": 0.0,
    "angle+": 0.0,
    "rx": 0.0,
    "rx+": 0.0,
    "ry": 0.0,
    "ry+": 0.0,
    "offset1": 0.0,
    "offset2": 0.0,
    "grad1s": 0.0,
    "grad1c": 0,
    "grad2s": 0.0,
    "grad2c": 0,
    "sh+": 0,
    "sh": [
      {
        "c": 4281743926,
        "b": 10.0,
        "s": 5.0,
        "o1": 2.0,
        "o2": 2.0
      },
      {
        "c": 4282011447,
        "b": 30.0,
        "s": 15.0,
        "o1": 2.0,
        "o2": 2.0
      }
    ]
  },
  {
    "type": "ast2",
    "picked": false,
    "icon": 59101,
    "iconsize": 22.0,
    "iconcolor": 4283215696,
    "r": 20.0,
    "x": 0.7,
    "y": 0.9,
    "angle": 0.0,
    "angle+": 0.0,
    "rx": 0.0,
    "rx+": 0.0,
    "ry": 0.0,
    "ry+": 0.0,
    "offset1": 0.0,
    "offset2": 0.0,
    "grad1s": 0.0,
    "grad1c": 0,
    "grad2s": 0.0,
    "grad2c": 0,
    "sh+": 0,
    "sh": [
      {
        "c": 4281743926,
        "b": 10.0,
        "s": 5.0,
        "o1": 2.0,
        "o2": 2.0
      },
      {
        "c": 4282011447,
        "b": 30.0,
        "s": 15.0,
        "o1": 2.0,
        "o2": 2.0
      }
    ]
  }
]