[
  {
    "type": "_",
    "ch": 5,
    "page": 1,
    "pages": 1,
    "topick": 4,
    "X": 0.5,
    "Y": 0.5,
    "mp3": "electric_strut-rick_dickert.mp3",
    "last": false,
    "msg": "#FlutterCreate Find Aik Game https://github.com/kroppli/find_aik, my time: "
  },
  {
    "type": "pl",
    "icon": 59672,
    "iconsize": 16.0,
    "iconcolor": 3707764736,
    "r": 18.0,
    "r0": 18.0,
    "x": 0.6,
    "y": 0.6,
    "angle": 4.7,
    "angle+": 0.0,
    "rx": 0.0,
    "rx+": 0.0,
    "ry": 0.0,
    "ry+": 0.0,
    "offset1": 0.0,
    "offset2": 0.0,
    "grad1s": 0.0,
    "grad1c": 0,
    "grad2s": 0.0,
    "grad2c": 0,
    "sh+": 0,
    "sh": [
      {
        "c": 4280391411,
        "b": 3.0,
        "s": 1.0,
        "o1": 0.0,
        "o2": 0.0
      },
      {
        "c": 4279019257,
        "b": 10.0,
        "s": 1.5,
        "o1": 0.0,
        "o2": 0.0
      }
    ],
    "sh0": [
      {
        "c": 4280391411,
        "b": 3.0,
        "s": 1.0,
        "o1": 0.0,
        "o2": 0.0
      },
      {
        "c": 4279019257,
        "b": 10.0,
        "s": 1.5,
        "o1": 0.0,
        "o2": 0.0
      }
    ]
  },
  {
    "type": "badpl",
    "icon": 59496,
    "iconsize": 16.0,
    "iconcolor": 3707764736,
    "s": 0.02,
    "r": 18.0,
    "r0": 18.0,
    "x": 0.2,
    "y": 0.8,
    "angle": 4.7,
    "angle+": 0.0,
    "rx": 0.0,
    "rx+": 0.0,
    "ry": 0.0,
    "ry+": 0.0,
    "offset1": 0.0,
    "offset2": 0.0,
    "grad1s": 0.0,
    "grad1c": 0,
    "grad2s": 0.0,
    "grad2c": 0,
    "sh+": 0,
    "sh": [
      {
        "c": 4293022327,
        "b": 1.5,
        "s": 0.5,
        "o1": 0.0,
        "o2": 0.0
      },
      {
        "c": 4279019257,
        "b": 5.0,
        "s": 0.5,
        "o1": 0.0,
        "o2": 0.0
      }
    ]
  },
  {
    "type": "pla",
    "icon": 0,
    "iconsize": 0.0,
    "iconcolor": 0,
    "r": 40.0,
    "x": 0.5,
    "y": 0.5,
    "angle": 0.0,
    "angle+": 0.0,
    "rx": 0.0,
    "rx+": 0.0,
    "ry": 0.0,
    "ry+": 0.0,
    "offset1": 0.0,
    "offset2": 0.0,
    "grad1s": 0.1,
    "grad1c": 4285846771,
    "grad2s": 0.9,
    "grad2c": 4280323801,
    "sh+": 0,
    "sh": [
      {
        "c": 4280323801,
        "b": 10.0,
        "s": 5.0,
        "o1": 0.0,
        "o2": 0.0
      },
      {
        "c": 4285846771,
        "b": 30.0,
        "s": 5.0,
        "o1": 0.0,
        "o2": 0.0
      },
      {
        "c": 4285846771,
        "b": 40.0,
        "s": 10.0,
        "o1": 0.0,
        "o2": 0.0
      },
      {
        "c": 4285846771,
        "b": 50.0,
        "s": 10.0,
        "o1": 0.0,
        "o2": 0.0
      },
      {
        "c": 4285846771,
        "b": 60.0,
        "s": 5.0,
        "o1": 0.0,
        "o2": 0.0
      }
    ]
  },
  {
    "type": ".1",
    "icon": 0,
    "iconsize": 0.0,
    "iconcolor": 0,
    "r": 6.0,
    "x": 0.49,
    "y": 0.49,
    "angle": 0.0,
    "angle+": 0.02,
    "rx": 0.0,
    "rx+": 0.0,
    "ry": 0.0,
    "ry+": 0.0,
    "offset1": 22.0,
    "offset2": 22.0,
    "grad1s": 0.0,
    "grad1c": 4294906420,
    "grad2s": 0.9,
    "grad2c": 4293219669,
    "sh+": 0,
    "sh": [
      {
        "c": 4280391411,
        "b": 2.0,
        "s": 2.0,
        "o1": 0.0,
        "o2": 0.0
      }
    ]
  },
  {
    "type": ".2",
    "icon": 0,
    "iconsize": 0.0,
    "iconcolor": 0,
    "r": 6.0,
    "x": 0.46,
    "y": 0.46,
    "angle": 0.0,
    "angle+": 0.02,
    "rx": 0.0,
    "rx+": 0.0,
    "ry": 0.0,
    "ry+": 0.0,
    "offset1": 22.0,
    "offset2": 22.0,
    "grad1s": 0.0,
    "grad1c": 4284433101,
    "grad2s": 0.9,
    "grad2c": 4293219669,
    "sh+": 0,
    "sh": [
      {
        "c": 4280391411,
        "b": 2.0,
        "s": 2.0,
        "o1": 0.0,
        "o2": 0.0
      }
    ]
  },
  {
    "type": "ast1",
    "picked": false,
    "icon": 59101,
    "iconsize": 22.0,
    "iconcolor": 4282597708,
    "r": 20.0,
    "x": 0.1,
    "y": 0.8,
    "angle": 0.0,
    "angle+": 0.0,
    "rx": 0.0,
    "rx+": 0.0,
    "ry": 0.0,
    "ry+": 0.0,
    "offset1": 0.0,
    "offset2": 0.0,
    "grad1s": 0.0,
    "grad1c": 0,
    "grad2s": 0.0,
    "grad2c": 0,
    "sh+": 0,
    "sh": [
      {
        "c": 4280323801,
        "b": 10.0,
        "s": 5.0,
        "o1": 2.0,
        "o2": 2.0
      },
      {
        "c": 4290227424,
        "b": 30.0,
        "s": 15.0,
        "o1": 2.0,
        "o2": 2.0
      }
    ]
  },
  {
    "type": "ast2",
    "picked": false,
    "icon": 59101,
    "iconsize": 22.0,
    "iconcolor": 4282597708,
    "r": 20.0,
    "x": 0.7,
    "y": 0.6,
    "angle": 0.0,
    "angle+": 0.0,
    "rx": 0.0,
    "rx+": 0.0,
    "ry": 0.0,
    "ry+": 0.0,
    "offset1": 0.0,
    "offset2": 0.0,
    "grad1s": 0.0,
    "grad1c": 0,
    "grad2s": 0.0,
    "grad2c": 0,
    "sh+": 0,
    "sh": [
      {
        "c": 4280323801,
        "b": 10.0,
        "s": 5.0,
        "o1": 2.0,
        "o2": 2.0
      },
      {
        "c": 4290227424,
        "b": 30.0,
        "s": 15.0,
        "o1": 2.0,
        "o2": 2.0
      }
    ]
  },
  {
    "type": "ast3",
    "picked": false,
    "icon": 59101,
    "iconsize": 22.0,
    "iconcolor": 4282597708,
    "r": 20.0,
    "x": 0.1,
    "y": 0.2,
    "angle": 0.0,
    "angle+": 0.0,
    "rx": 0.0,
    "rx+": 0.0,
    "ry": 0.0,
    "ry+": 0.0,
    "offset1": 0.0,
    "offset2": 0.0,
    "grad1s": 0.0,
    "grad1c": 0,
    "grad2s": 0.0,
    "grad2c": 0,
    "sh+": 0,
    "sh": [
      {
        "c": 4280323801,
        "b": 10.0,
        "s": 5.0,
        "o1": 2.0,
        "o2": 2.0
      },
      {
        "c": 4290227424,
        "b": 30.0,
        "s": 15.0,
        "o1": 2.0,
        "o2": 2.0
      }
    ]
  },
  {
    "type": "ast4",
    "picked": false,
    "icon": 59101,
    "iconsize": 22.0,
    "iconcolor": 4282597708,
    "r": 20.0,
    "x": 0.9,
    "y": 0.8,
    "angle": 0.0,
    "angle+": 0.0,
    "rx": 0.0,
    "rx+": 0.0,
    "ry": 0.0,
    "ry+": 0.0,
    "offset1": 0.0,
    "offset2": 0.0,
    "grad1s": 0.0,
    "grad1c": 0,
    "grad2s": 0.0,
    "grad2c": 0,
    "sh+": 0,
    "sh": [
      {
        "c": 4280323801,
        "b": 10.0,
        "s": 5.0,
        "o1": 2.0,
        "o2": 2.0
      },
      {
        "c": 4290227424,
        "b": 30.0,
        "s": 15.0,
        "o1": 2.0,
        "o2": 2.0
      }
    ]
  }
]